Paragraph,Label
"With AI technologies, companies can analyze massive amounts of data to uncover insights.",1
The dog barked loudly at the stranger passing by the house.,0
The use of deep learning has enabled AI to understand natural language more effectively.,1
AI-driven systems are capable of complex decision-making based on data patterns.,1
The dog barked loudly at the stranger passing by the house.,0
"He enjoys reading books on the weekends, especially mystery novels.",0
The dog barked loudly at the stranger passing by the house.,0
"The weather today is sunny and warm, perfect for a picnic.",0
"Through neural networks and advanced machine learning, AI models improve over time.",1
"The weather today is sunny and warm, perfect for a picnic.",0
AI's ability to process vast datasets makes it an invaluable tool in various industries.,1
"Through neural networks and advanced machine learning, AI models improve over time.",1
She went to the store and bought some fresh fruits for breakfast.,0
She went to the store and bought some fresh fruits for breakfast.,0
"With AI technologies, companies can analyze massive amounts of data to uncover insights.",1
The use of deep learning has enabled AI to understand natural language more effectively.,1
"Through neural networks and advanced machine learning, AI models improve over time.",1
She went to the store and bought some fresh fruits for breakfast.,0
"With AI technologies, companies can analyze massive amounts of data to uncover insights.",1
The use of deep learning has enabled AI to understand natural language more effectively.,1
GPT models have redefined the potential of AI in generating human-like content.,1
AI's ability to process vast datasets makes it an invaluable tool in various industries.,1
AI-driven systems are capable of complex decision-making based on data patterns.,1
"With AI technologies, companies can analyze massive amounts of data to uncover insights.",1
"With AI technologies, companies can analyze massive amounts of data to uncover insights.",1
"He enjoys reading books on the weekends, especially mystery novels.",0
She went to the store and bought some fresh fruits for breakfast.,0
"With AI technologies, companies can analyze massive amounts of data to uncover insights.",1
AI-driven systems are capable of complex decision-making based on data patterns.,1
She was excited to start her new job at the marketing agency.,0
She went to the store and bought some fresh fruits for breakfast.,0
AI-driven systems are capable of complex decision-making based on data patterns.,1
She went to the store and bought some fresh fruits for breakfast.,0
The dog barked loudly at the stranger passing by the house.,0
He decided to take a walk along the beach in the evening.,0
He decided to take a walk along the beach in the evening.,0
The dog barked loudly at the stranger passing by the house.,0
She went to the store and bought some fresh fruits for breakfast.,0
The dog barked loudly at the stranger passing by the house.,0
"He enjoys reading books on the weekends, especially mystery novels.",0
"The weather today is sunny and warm, perfect for a picnic.",0
Artificial intelligence is revolutionizing automation and data analysis across sectors.,1
The quick brown fox jumps over the lazy dog.,0
GPT models have redefined the potential of AI in generating human-like content.,1
"With AI technologies, companies can analyze massive amounts of data to uncover insights.",1
The quick brown fox jumps over the lazy dog.,0
"With AI technologies, companies can analyze massive amounts of data to uncover insights.",1
He decided to take a walk along the beach in the evening.,0
The quick brown fox jumps over the lazy dog.,0
The use of deep learning has enabled AI to understand natural language more effectively.,1
She was excited to start her new job at the marketing agency.,0
GPT models have redefined the potential of AI in generating human-like content.,1
He decided to take a walk along the beach in the evening.,0
GPT models have redefined the potential of AI in generating human-like content.,1
AI-driven systems are capable of complex decision-making based on data patterns.,1
I love spending time with my family during the holidays.,0
GPT models have redefined the potential of AI in generating human-like content.,1
"He enjoys reading books on the weekends, especially mystery novels.",0
"The weather today is sunny and warm, perfect for a picnic.",0
"The weather today is sunny and warm, perfect for a picnic.",0
"He enjoys reading books on the weekends, especially mystery novels.",0
"The weather today is sunny and warm, perfect for a picnic.",0
The quick brown fox jumps over the lazy dog.,0
The advancements in AI are transforming industries at an unprecedented pace.,1
The use of deep learning has enabled AI to understand natural language more effectively.,1
AI-driven systems are capable of complex decision-making based on data patterns.,1
The dog barked loudly at the stranger passing by the house.,0
"Through neural networks and advanced machine learning, AI models improve over time.",1
AI-driven systems are capable of complex decision-making based on data patterns.,1
Artificial intelligence is revolutionizing automation and data analysis across sectors.,1
The quick brown fox jumps over the lazy dog.,0
She went to the store and bought some fresh fruits for breakfast.,0
The use of deep learning has enabled AI to understand natural language more effectively.,1
"With AI technologies, companies can analyze massive amounts of data to uncover insights.",1
AI's ability to process vast datasets makes it an invaluable tool in various industries.,1
"The weather today is sunny and warm, perfect for a picnic.",0
The use of deep learning has enabled AI to understand natural language more effectively.,1
"Through neural networks and advanced machine learning, AI models improve over time.",1
AI's ability to process vast datasets makes it an invaluable tool in various industries.,1
He decided to take a walk along the beach in the evening.,0
She was excited to start her new job at the marketing agency.,0
The quick brown fox jumps over the lazy dog.,0
I love spending time with my family during the holidays.,0
The advancements in AI are transforming industries at an unprecedented pace.,1
Artificial intelligence is revolutionizing automation and data analysis across sectors.,1
"He enjoys reading books on the weekends, especially mystery novels.",0
AI-driven systems are capable of complex decision-making based on data patterns.,1
GPT models have redefined the potential of AI in generating human-like content.,1
I love spending time with my family during the holidays.,0
She went to the store and bought some fresh fruits for breakfast.,0
I love spending time with my family during the holidays.,0
AI's ability to process vast datasets makes it an invaluable tool in various industries.,1
AI-driven systems are capable of complex decision-making based on data patterns.,1
"The weather today is sunny and warm, perfect for a picnic.",0
"Through neural networks and advanced machine learning, AI models improve over time.",1
"Through neural networks and advanced machine learning, AI models improve over time.",1
The dog barked loudly at the stranger passing by the house.,0
"With AI technologies, companies can analyze massive amounts of data to uncover insights.",1
"With AI technologies, companies can analyze massive amounts of data to uncover insights.",1
AI's ability to process vast datasets makes it an invaluable tool in various industries.,1
She went to the store and bought some fresh fruits for breakfast.,0
Artificial intelligence is revolutionizing automation and data analysis across sectors.,1
Artificial intelligence is revolutionizing automation and data analysis across sectors.,1
The dog barked loudly at the stranger passing by the house.,0
"Through neural networks and advanced machine learning, AI models improve over time.",1
I love spending time with my family during the holidays.,0
AI-driven systems are capable of complex decision-making based on data patterns.,1
GPT models have redefined the potential of AI in generating human-like content.,1
"The weather today is sunny and warm, perfect for a picnic.",0
I love spending time with my family during the holidays.,0
"With AI technologies, companies can analyze massive amounts of data to uncover insights.",1
AI's ability to process vast datasets makes it an invaluable tool in various industries.,1
"Through neural networks and advanced machine learning, AI models improve over time.",1
GPT models have redefined the potential of AI in generating human-like content.,1
GPT models have redefined the potential of AI in generating human-like content.,1
She was excited to start her new job at the marketing agency.,0
She was excited to start her new job at the marketing agency.,0
I love spending time with my family during the holidays.,0
I love spending time with my family during the holidays.,0
She went to the store and bought some fresh fruits for breakfast.,0
She was excited to start her new job at the marketing agency.,0
"The weather today is sunny and warm, perfect for a picnic.",0
The use of deep learning has enabled AI to understand natural language more effectively.,1
"Through neural networks and advanced machine learning, AI models improve over time.",1
"The weather today is sunny and warm, perfect for a picnic.",0
AI's ability to process vast datasets makes it an invaluable tool in various industries.,1
I love spending time with my family during the holidays.,0
"He enjoys reading books on the weekends, especially mystery novels.",0
Artificial intelligence is revolutionizing automation and data analysis across sectors.,1
The dog barked loudly at the stranger passing by the house.,0
Artificial intelligence is revolutionizing automation and data analysis across sectors.,1
"He enjoys reading books on the weekends, especially mystery novels.",0
The advancements in AI are transforming industries at an unprecedented pace.,1
Artificial intelligence is revolutionizing automation and data analysis across sectors.,1
"He enjoys reading books on the weekends, especially mystery novels.",0
Artificial intelligence is revolutionizing automation and data analysis across sectors.,1
I love spending time with my family during the holidays.,0
Artificial intelligence is revolutionizing automation and data analysis across sectors.,1
"Through neural networks and advanced machine learning, AI models improve over time.",1
The quick brown fox jumps over the lazy dog.,0
"He enjoys reading books on the weekends, especially mystery novels.",0
The dog barked loudly at the stranger passing by the house.,0
She was excited to start her new job at the marketing agency.,0
"With AI technologies, companies can analyze massive amounts of data to uncover insights.",1
AI's ability to process vast datasets makes it an invaluable tool in various industries.,1
"With AI technologies, companies can analyze massive amounts of data to uncover insights.",1
He decided to take a walk along the beach in the evening.,0
I love spending time with my family during the holidays.,0
"Through neural networks and advanced machine learning, AI models improve over time.",1
GPT models have redefined the potential of AI in generating human-like content.,1
I love spending time with my family during the holidays.,0
I love spending time with my family during the holidays.,0
The use of deep learning has enabled AI to understand natural language more effectively.,1
She was excited to start her new job at the marketing agency.,0
"With AI technologies, companies can analyze massive amounts of data to uncover insights.",1
The quick brown fox jumps over the lazy dog.,0
AI's ability to process vast datasets makes it an invaluable tool in various industries.,1
She was excited to start her new job at the marketing agency.,0
The use of deep learning has enabled AI to understand natural language more effectively.,1
AI's ability to process vast datasets makes it an invaluable tool in various industries.,1
She went to the store and bought some fresh fruits for breakfast.,0
The use of deep learning has enabled AI to understand natural language more effectively.,1
"Through neural networks and advanced machine learning, AI models improve over time.",1
The quick brown fox jumps over the lazy dog.,0
He decided to take a walk along the beach in the evening.,0
The advancements in AI are transforming industries at an unprecedented pace.,1
"He enjoys reading books on the weekends, especially mystery novels.",0
She was excited to start her new job at the marketing agency.,0
The use of deep learning has enabled AI to understand natural language more effectively.,1
The dog barked loudly at the stranger passing by the house.,0
I love spending time with my family during the holidays.,0
"He enjoys reading books on the weekends, especially mystery novels.",0
AI's ability to process vast datasets makes it an invaluable tool in various industries.,1
"The weather today is sunny and warm, perfect for a picnic.",0
The quick brown fox jumps over the lazy dog.,0
"The weather today is sunny and warm, perfect for a picnic.",0
The quick brown fox jumps over the lazy dog.,0
He decided to take a walk along the beach in the evening.,0
"He enjoys reading books on the weekends, especially mystery novels.",0
AI's ability to process vast datasets makes it an invaluable tool in various industries.,1
"He enjoys reading books on the weekends, especially mystery novels.",0
"Through neural networks and advanced machine learning, AI models improve over time.",1
He decided to take a walk along the beach in the evening.,0
AI-driven systems are capable of complex decision-making based on data patterns.,1
AI's ability to process vast datasets makes it an invaluable tool in various industries.,1
GPT models have redefined the potential of AI in generating human-like content.,1
The quick brown fox jumps over the lazy dog.,0
He decided to take a walk along the beach in the evening.,0
She was excited to start her new job at the marketing agency.,0
She went to the store and bought some fresh fruits for breakfast.,0
The dog barked loudly at the stranger passing by the house.,0
"He enjoys reading books on the weekends, especially mystery novels.",0
The advancements in AI are transforming industries at an unprecedented pace.,1
The use of deep learning has enabled AI to understand natural language more effectively.,1
GPT models have redefined the potential of AI in generating human-like content.,1
The advancements in AI are transforming industries at an unprecedented pace.,1
The advancements in AI are transforming industries at an unprecedented pace.,1
AI-driven systems are capable of complex decision-making based on data patterns.,1
"With AI technologies, companies can analyze massive amounts of data to uncover insights.",1
AI's ability to process vast datasets makes it an invaluable tool in various industries.,1
The advancements in AI are transforming industries at an unprecedented pace.,1
"With AI technologies, companies can analyze massive amounts of data to uncover insights.",1
The dog barked loudly at the stranger passing by the house.,0
She went to the store and bought some fresh fruits for breakfast.,0
The advancements in AI are transforming industries at an unprecedented pace.,1
The use of deep learning has enabled AI to understand natural language more effectively.,1
He decided to take a walk along the beach in the evening.,0
"With AI technologies, companies can analyze massive amounts of data to uncover insights.",1
"Through neural networks and advanced machine learning, AI models improve over time.",1
She was excited to start her new job at the marketing agency.,0
"With AI technologies, companies can analyze massive amounts of data to uncover insights.",1
The use of deep learning has enabled AI to understand natural language more effectively.,1
AI's ability to process vast datasets makes it an invaluable tool in various industries.,1
"Through neural networks and advanced machine learning, AI models improve over time.",1
"He enjoys reading books on the weekends, especially mystery novels.",0
The dog barked loudly at the stranger passing by the house.,0
The quick brown fox jumps over the lazy dog.,0
AI's ability to process vast datasets makes it an invaluable tool in various industries.,1
I love spending time with my family during the holidays.,0
"Through neural networks and advanced machine learning, AI models improve over time.",1
She went to the store and bought some fresh fruits for breakfast.,0
GPT models have redefined the potential of AI in generating human-like content.,1
She was excited to start her new job at the marketing agency.,0
I love spending time with my family during the holidays.,0
GPT models have redefined the potential of AI in generating human-like content.,1
"The weather today is sunny and warm, perfect for a picnic.",0
I love spending time with my family during the holidays.,0
She went to the store and bought some fresh fruits for breakfast.,0
"He enjoys reading books on the weekends, especially mystery novels.",0
"Through neural networks and advanced machine learning, AI models improve over time.",1
Artificial intelligence is revolutionizing automation and data analysis across sectors.,1
I love spending time with my family during the holidays.,0
The dog barked loudly at the stranger passing by the house.,0
The dog barked loudly at the stranger passing by the house.,0
The advancements in AI are transforming industries at an unprecedented pace.,1
"Through neural networks and advanced machine learning, AI models improve over time.",1
The quick brown fox jumps over the lazy dog.,0
He decided to take a walk along the beach in the evening.,0
GPT models have redefined the potential of AI in generating human-like content.,1
The dog barked loudly at the stranger passing by the house.,0
"Through neural networks and advanced machine learning, AI models improve over time.",1
She went to the store and bought some fresh fruits for breakfast.,0
"He enjoys reading books on the weekends, especially mystery novels.",0
She went to the store and bought some fresh fruits for breakfast.,0
He decided to take a walk along the beach in the evening.,0
Artificial intelligence is revolutionizing automation and data analysis across sectors.,1
The advancements in AI are transforming industries at an unprecedented pace.,1
"He enjoys reading books on the weekends, especially mystery novels.",0
"Through neural networks and advanced machine learning, AI models improve over time.",1
"The weather today is sunny and warm, perfect for a picnic.",0
She was excited to start her new job at the marketing agency.,0
"He enjoys reading books on the weekends, especially mystery novels.",0
I love spending time with my family during the holidays.,0
"Through neural networks and advanced machine learning, AI models improve over time.",1
Artificial intelligence is revolutionizing automation and data analysis across sectors.,1
He decided to take a walk along the beach in the evening.,0
AI-driven systems are capable of complex decision-making based on data patterns.,1
I love spending time with my family during the holidays.,0
GPT models have redefined the potential of AI in generating human-like content.,1
GPT models have redefined the potential of AI in generating human-like content.,1
"With AI technologies, companies can analyze massive amounts of data to uncover insights.",1
"Through neural networks and advanced machine learning, AI models improve over time.",1
The quick brown fox jumps over the lazy dog.,0
"With AI technologies, companies can analyze massive amounts of data to uncover insights.",1
I love spending time with my family during the holidays.,0
The quick brown fox jumps over the lazy dog.,0
The use of deep learning has enabled AI to understand natural language more effectively.,1
The dog barked loudly at the stranger passing by the house.,0
AI-driven systems are capable of complex decision-making based on data patterns.,1
I love spending time with my family during the holidays.,0
The dog barked loudly at the stranger passing by the house.,0
GPT models have redefined the potential of AI in generating human-like content.,1
The quick brown fox jumps over the lazy dog.,0
"Through neural networks and advanced machine learning, AI models improve over time.",1
"Through neural networks and advanced machine learning, AI models improve over time.",1
The quick brown fox jumps over the lazy dog.,0
I love spending time with my family during the holidays.,0
GPT models have redefined the potential of AI in generating human-like content.,1
AI-driven systems are capable of complex decision-making based on data patterns.,1
AI-driven systems are capable of complex decision-making based on data patterns.,1
Artificial intelligence is revolutionizing automation and data analysis across sectors.,1
"With AI technologies, companies can analyze massive amounts of data to uncover insights.",1
"With AI technologies, companies can analyze massive amounts of data to uncover insights.",1
AI-driven systems are capable of complex decision-making based on data patterns.,1
"The weather today is sunny and warm, perfect for a picnic.",0
I love spending time with my family during the holidays.,0
I love spending time with my family during the holidays.,0
AI-driven systems are capable of complex decision-making based on data patterns.,1
She was excited to start her new job at the marketing agency.,0
GPT models have redefined the potential of AI in generating human-like content.,1
"He enjoys reading books on the weekends, especially mystery novels.",0
He decided to take a walk along the beach in the evening.,0
She was excited to start her new job at the marketing agency.,0
Artificial intelligence is revolutionizing automation and data analysis across sectors.,1
The advancements in AI are transforming industries at an unprecedented pace.,1
AI-driven systems are capable of complex decision-making based on data patterns.,1
AI-driven systems are capable of complex decision-making based on data patterns.,1
He decided to take a walk along the beach in the evening.,0
GPT models have redefined the potential of AI in generating human-like content.,1
GPT models have redefined the potential of AI in generating human-like content.,1
"He enjoys reading books on the weekends, especially mystery novels.",0
She went to the store and bought some fresh fruits for breakfast.,0
He decided to take a walk along the beach in the evening.,0
The advancements in AI are transforming industries at an unprecedented pace.,1
AI's ability to process vast datasets makes it an invaluable tool in various industries.,1
She was excited to start her new job at the marketing agency.,0
She was excited to start her new job at the marketing agency.,0
She was excited to start her new job at the marketing agency.,0
AI-driven systems are capable of complex decision-making based on data patterns.,1
"He enjoys reading books on the weekends, especially mystery novels.",0
The use of deep learning has enabled AI to understand natural language more effectively.,1
The use of deep learning has enabled AI to understand natural language more effectively.,1
The use of deep learning has enabled AI to understand natural language more effectively.,1
"The weather today is sunny and warm, perfect for a picnic.",0
She was excited to start her new job at the marketing agency.,0
The quick brown fox jumps over the lazy dog.,0
GPT models have redefined the potential of AI in generating human-like content.,1
"He enjoys reading books on the weekends, especially mystery novels.",0
"He enjoys reading books on the weekends, especially mystery novels.",0
"Through neural networks and advanced machine learning, AI models improve over time.",1
The quick brown fox jumps over the lazy dog.,0
AI-driven systems are capable of complex decision-making based on data patterns.,1
She went to the store and bought some fresh fruits for breakfast.,0
The advancements in AI are transforming industries at an unprecedented pace.,1
Artificial intelligence is revolutionizing automation and data analysis across sectors.,1
Artificial intelligence is revolutionizing automation and data analysis across sectors.,1
The advancements in AI are transforming industries at an unprecedented pace.,1
"He enjoys reading books on the weekends, especially mystery novels.",0
"He enjoys reading books on the weekends, especially mystery novels.",0
"Through neural networks and advanced machine learning, AI models improve over time.",1
The quick brown fox jumps over the lazy dog.,0
He decided to take a walk along the beach in the evening.,0
The quick brown fox jumps over the lazy dog.,0
The use of deep learning has enabled AI to understand natural language more effectively.,1
The quick brown fox jumps over the lazy dog.,0
Artificial intelligence is revolutionizing automation and data analysis across sectors.,1
She was excited to start her new job at the marketing agency.,0
"He enjoys reading books on the weekends, especially mystery novels.",0
The quick brown fox jumps over the lazy dog.,0
The advancements in AI are transforming industries at an unprecedented pace.,1
The dog barked loudly at the stranger passing by the house.,0
The advancements in AI are transforming industries at an unprecedented pace.,1
She was excited to start her new job at the marketing agency.,0
Artificial intelligence is revolutionizing automation and data analysis across sectors.,1
The quick brown fox jumps over the lazy dog.,0
Artificial intelligence is revolutionizing automation and data analysis across sectors.,1
"He enjoys reading books on the weekends, especially mystery novels.",0
AI's ability to process vast datasets makes it an invaluable tool in various industries.,1
He decided to take a walk along the beach in the evening.,0
I love spending time with my family during the holidays.,0
The dog barked loudly at the stranger passing by the house.,0
Artificial intelligence is revolutionizing automation and data analysis across sectors.,1
"He enjoys reading books on the weekends, especially mystery novels.",0
"With AI technologies, companies can analyze massive amounts of data to uncover insights.",1
The dog barked loudly at the stranger passing by the house.,0
"He enjoys reading books on the weekends, especially mystery novels.",0
The use of deep learning has enabled AI to understand natural language more effectively.,1
I love spending time with my family during the holidays.,0
I love spending time with my family during the holidays.,0
GPT models have redefined the potential of AI in generating human-like content.,1
AI's ability to process vast datasets makes it an invaluable tool in various industries.,1
AI's ability to process vast datasets makes it an invaluable tool in various industries.,1
The use of deep learning has enabled AI to understand natural language more effectively.,1
He decided to take a walk along the beach in the evening.,0
"Through neural networks and advanced machine learning, AI models improve over time.",1
The advancements in AI are transforming industries at an unprecedented pace.,1
Artificial intelligence is revolutionizing automation and data analysis across sectors.,1
The use of deep learning has enabled AI to understand natural language more effectively.,1
He decided to take a walk along the beach in the evening.,0
The advancements in AI are transforming industries at an unprecedented pace.,1
The dog barked loudly at the stranger passing by the house.,0
He decided to take a walk along the beach in the evening.,0
AI's ability to process vast datasets makes it an invaluable tool in various industries.,1
The use of deep learning has enabled AI to understand natural language more effectively.,1
"The weather today is sunny and warm, perfect for a picnic.",0
GPT models have redefined the potential of AI in generating human-like content.,1
AI's ability to process vast datasets makes it an invaluable tool in various industries.,1
She was excited to start her new job at the marketing agency.,0
The use of deep learning has enabled AI to understand natural language more effectively.,1
The use of deep learning has enabled AI to understand natural language more effectively.,1
He decided to take a walk along the beach in the evening.,0
The use of deep learning has enabled AI to understand natural language more effectively.,1
"He enjoys reading books on the weekends, especially mystery novels.",0
She went to the store and bought some fresh fruits for breakfast.,0
AI's ability to process vast datasets makes it an invaluable tool in various industries.,1
I love spending time with my family during the holidays.,0
The use of deep learning has enabled AI to understand natural language more effectively.,1
The dog barked loudly at the stranger passing by the house.,0
"Through neural networks and advanced machine learning, AI models improve over time.",1
She went to the store and bought some fresh fruits for breakfast.,0
She went to the store and bought some fresh fruits for breakfast.,0
She was excited to start her new job at the marketing agency.,0
The use of deep learning has enabled AI to understand natural language more effectively.,1
I love spending time with my family during the holidays.,0
I love spending time with my family during the holidays.,0
The quick brown fox jumps over the lazy dog.,0
AI's ability to process vast datasets makes it an invaluable tool in various industries.,1
Artificial intelligence is revolutionizing automation and data analysis across sectors.,1
AI-driven systems are capable of complex decision-making based on data patterns.,1
"With AI technologies, companies can analyze massive amounts of data to uncover insights.",1
She was excited to start her new job at the marketing agency.,0
Artificial intelligence is revolutionizing automation and data analysis across sectors.,1
He decided to take a walk along the beach in the evening.,0
AI-driven systems are capable of complex decision-making based on data patterns.,1
AI-driven systems are capable of complex decision-making based on data patterns.,1
"With AI technologies, companies can analyze massive amounts of data to uncover insights.",1
"Through neural networks and advanced machine learning, AI models improve over time.",1
"With AI technologies, companies can analyze massive amounts of data to uncover insights.",1
I love spending time with my family during the holidays.,0
The use of deep learning has enabled AI to understand natural language more effectively.,1
"With AI technologies, companies can analyze massive amounts of data to uncover insights.",1
The quick brown fox jumps over the lazy dog.,0
The quick brown fox jumps over the lazy dog.,0
The dog barked loudly at the stranger passing by the house.,0
AI-driven systems are capable of complex decision-making based on data patterns.,1
AI's ability to process vast datasets makes it an invaluable tool in various industries.,1
AI's ability to process vast datasets makes it an invaluable tool in various industries.,1
GPT models have redefined the potential of AI in generating human-like content.,1
She was excited to start her new job at the marketing agency.,0
AI-driven systems are capable of complex decision-making based on data patterns.,1
AI's ability to process vast datasets makes it an invaluable tool in various industries.,1
GPT models have redefined the potential of AI in generating human-like content.,1
The use of deep learning has enabled AI to understand natural language more effectively.,1
The use of deep learning has enabled AI to understand natural language more effectively.,1
The use of deep learning has enabled AI to understand natural language more effectively.,1
The advancements in AI are transforming industries at an unprecedented pace.,1
She went to the store and bought some fresh fruits for breakfast.,0
The quick brown fox jumps over the lazy dog.,0
The dog barked loudly at the stranger passing by the house.,0
The advancements in AI are transforming industries at an unprecedented pace.,1
AI-driven systems are capable of complex decision-making based on data patterns.,1
The advancements in AI are transforming industries at an unprecedented pace.,1
He decided to take a walk along the beach in the evening.,0
He decided to take a walk along the beach in the evening.,0
The advancements in AI are transforming industries at an unprecedented pace.,1
"The weather today is sunny and warm, perfect for a picnic.",0
She was excited to start her new job at the marketing agency.,0
"He enjoys reading books on the weekends, especially mystery novels.",0
"Through neural networks and advanced machine learning, AI models improve over time.",1
GPT models have redefined the potential of AI in generating human-like content.,1
GPT models have redefined the potential of AI in generating human-like content.,1
AI's ability to process vast datasets makes it an invaluable tool in various industries.,1
She went to the store and bought some fresh fruits for breakfast.,0
He decided to take a walk along the beach in the evening.,0
AI's ability to process vast datasets makes it an invaluable tool in various industries.,1
"With AI technologies, companies can analyze massive amounts of data to uncover insights.",1
"With AI technologies, companies can analyze massive amounts of data to uncover insights.",1
He decided to take a walk along the beach in the evening.,0
GPT models have redefined the potential of AI in generating human-like content.,1
AI-driven systems are capable of complex decision-making based on data patterns.,1
AI's ability to process vast datasets makes it an invaluable tool in various industries.,1
"Through neural networks and advanced machine learning, AI models improve over time.",1
She was excited to start her new job at the marketing agency.,0
The dog barked loudly at the stranger passing by the house.,0
"With AI technologies, companies can analyze massive amounts of data to uncover insights.",1
"The weather today is sunny and warm, perfect for a picnic.",0
AI's ability to process vast datasets makes it an invaluable tool in various industries.,1
"The weather today is sunny and warm, perfect for a picnic.",0
The quick brown fox jumps over the lazy dog.,0
AI-driven systems are capable of complex decision-making based on data patterns.,1
AI-driven systems are capable of complex decision-making based on data patterns.,1
"Through neural networks and advanced machine learning, AI models improve over time.",1
GPT models have redefined the potential of AI in generating human-like content.,1
The use of deep learning has enabled AI to understand natural language more effectively.,1
The quick brown fox jumps over the lazy dog.,0
GPT models have redefined the potential of AI in generating human-like content.,1
AI's ability to process vast datasets makes it an invaluable tool in various industries.,1
The use of deep learning has enabled AI to understand natural language more effectively.,1
"With AI technologies, companies can analyze massive amounts of data to uncover insights.",1
"With AI technologies, companies can analyze massive amounts of data to uncover insights.",1
"The weather today is sunny and warm, perfect for a picnic.",0
AI-driven systems are capable of complex decision-making based on data patterns.,1
Artificial intelligence is revolutionizing automation and data analysis across sectors.,1
He decided to take a walk along the beach in the evening.,0
"The weather today is sunny and warm, perfect for a picnic.",0
He decided to take a walk along the beach in the evening.,0
"With AI technologies, companies can analyze massive amounts of data to uncover insights.",1
The use of deep learning has enabled AI to understand natural language more effectively.,1
"The weather today is sunny and warm, perfect for a picnic.",0
I love spending time with my family during the holidays.,0
She was excited to start her new job at the marketing agency.,0
"Through neural networks and advanced machine learning, AI models improve over time.",1
The use of deep learning has enabled AI to understand natural language more effectively.,1
AI's ability to process vast datasets makes it an invaluable tool in various industries.,1
The advancements in AI are transforming industries at an unprecedented pace.,1
AI-driven systems are capable of complex decision-making based on data patterns.,1
The quick brown fox jumps over the lazy dog.,0
"Through neural networks and advanced machine learning, AI models improve over time.",1
AI-driven systems are capable of complex decision-making based on data patterns.,1
The advancements in AI are transforming industries at an unprecedented pace.,1
"The weather today is sunny and warm, perfect for a picnic.",0
AI-driven systems are capable of complex decision-making based on data patterns.,1
GPT models have redefined the potential of AI in generating human-like content.,1
I love spending time with my family during the holidays.,0
"Through neural networks and advanced machine learning, AI models improve over time.",1
The advancements in AI are transforming industries at an unprecedented pace.,1
Artificial intelligence is revolutionizing automation and data analysis across sectors.,1
The advancements in AI are transforming industries at an unprecedented pace.,1
Artificial intelligence is revolutionizing automation and data analysis across sectors.,1
The quick brown fox jumps over the lazy dog.,0
I love spending time with my family during the holidays.,0
He decided to take a walk along the beach in the evening.,0
I love spending time with my family during the holidays.,0
I love spending time with my family during the holidays.,0
AI's ability to process vast datasets makes it an invaluable tool in various industries.,1
Artificial intelligence is revolutionizing automation and data analysis across sectors.,1
The dog barked loudly at the stranger passing by the house.,0
I love spending time with my family during the holidays.,0
"With AI technologies, companies can analyze massive amounts of data to uncover insights.",1
"The weather today is sunny and warm, perfect for a picnic.",0
"With AI technologies, companies can analyze massive amounts of data to uncover insights.",1
She went to the store and bought some fresh fruits for breakfast.,0
"He enjoys reading books on the weekends, especially mystery novels.",0
The dog barked loudly at the stranger passing by the house.,0
She went to the store and bought some fresh fruits for breakfast.,0
The quick brown fox jumps over the lazy dog.,0
I love spending time with my family during the holidays.,0
The use of deep learning has enabled AI to understand natural language more effectively.,1
The advancements in AI are transforming industries at an unprecedented pace.,1
"With AI technologies, companies can analyze massive amounts of data to uncover insights.",1
AI-driven systems are capable of complex decision-making based on data patterns.,1
She was excited to start her new job at the marketing agency.,0
The advancements in AI are transforming industries at an unprecedented pace.,1
The quick brown fox jumps over the lazy dog.,0
She went to the store and bought some fresh fruits for breakfast.,0
AI-driven systems are capable of complex decision-making based on data patterns.,1
The use of deep learning has enabled AI to understand natural language more effectively.,1
She was excited to start her new job at the marketing agency.,0
"Through neural networks and advanced machine learning, AI models improve over time.",1
Artificial intelligence is revolutionizing automation and data analysis across sectors.,1
Artificial intelligence is revolutionizing automation and data analysis across sectors.,1
The dog barked loudly at the stranger passing by the house.,0
"With AI technologies, companies can analyze massive amounts of data to uncover insights.",1
"The weather today is sunny and warm, perfect for a picnic.",0
"Through neural networks and advanced machine learning, AI models improve over time.",1
"With AI technologies, companies can analyze massive amounts of data to uncover insights.",1
The use of deep learning has enabled AI to understand natural language more effectively.,1
AI-driven systems are capable of complex decision-making based on data patterns.,1
"The weather today is sunny and warm, perfect for a picnic.",0
"He enjoys reading books on the weekends, especially mystery novels.",0
The dog barked loudly at the stranger passing by the house.,0
He decided to take a walk along the beach in the evening.,0
"With AI technologies, companies can analyze massive amounts of data to uncover insights.",1
"Through neural networks and advanced machine learning, AI models improve over time.",1
She was excited to start her new job at the marketing agency.,0
"He enjoys reading books on the weekends, especially mystery novels.",0
AI's ability to process vast datasets makes it an invaluable tool in various industries.,1
"Through neural networks and advanced machine learning, AI models improve over time.",1
I love spending time with my family during the holidays.,0
"With AI technologies, companies can analyze massive amounts of data to uncover insights.",1
"He enjoys reading books on the weekends, especially mystery novels.",0
She went to the store and bought some fresh fruits for breakfast.,0
"Through neural networks and advanced machine learning, AI models improve over time.",1
The dog barked loudly at the stranger passing by the house.,0
"The weather today is sunny and warm, perfect for a picnic.",0
"He enjoys reading books on the weekends, especially mystery novels.",0
The advancements in AI are transforming industries at an unprecedented pace.,1
He decided to take a walk along the beach in the evening.,0
She was excited to start her new job at the marketing agency.,0
AI's ability to process vast datasets makes it an invaluable tool in various industries.,1
AI-driven systems are capable of complex decision-making based on data patterns.,1
She was excited to start her new job at the marketing agency.,0
"Through neural networks and advanced machine learning, AI models improve over time.",1
"With AI technologies, companies can analyze massive amounts of data to uncover insights.",1
"Through neural networks and advanced machine learning, AI models improve over time.",1
"With AI technologies, companies can analyze massive amounts of data to uncover insights.",1
I love spending time with my family during the holidays.,0
GPT models have redefined the potential of AI in generating human-like content.,1
AI-driven systems are capable of complex decision-making based on data patterns.,1
GPT models have redefined the potential of AI in generating human-like content.,1
"The weather today is sunny and warm, perfect for a picnic.",0
"Through neural networks and advanced machine learning, AI models improve over time.",1
"He enjoys reading books on the weekends, especially mystery novels.",0
She was excited to start her new job at the marketing agency.,0
"The weather today is sunny and warm, perfect for a picnic.",0
The quick brown fox jumps over the lazy dog.,0
"The weather today is sunny and warm, perfect for a picnic.",0
The quick brown fox jumps over the lazy dog.,0
GPT models have redefined the potential of AI in generating human-like content.,1
She went to the store and bought some fresh fruits for breakfast.,0
She went to the store and bought some fresh fruits for breakfast.,0
He decided to take a walk along the beach in the evening.,0
"Through neural networks and advanced machine learning, AI models improve over time.",1
The use of deep learning has enabled AI to understand natural language more effectively.,1
"The weather today is sunny and warm, perfect for a picnic.",0
The dog barked loudly at the stranger passing by the house.,0
Artificial intelligence is revolutionizing automation and data analysis across sectors.,1
The quick brown fox jumps over the lazy dog.,0
The dog barked loudly at the stranger passing by the house.,0
He decided to take a walk along the beach in the evening.,0
The use of deep learning has enabled AI to understand natural language more effectively.,1
The dog barked loudly at the stranger passing by the house.,0
"The weather today is sunny and warm, perfect for a picnic.",0
The use of deep learning has enabled AI to understand natural language more effectively.,1
"Through neural networks and advanced machine learning, AI models improve over time.",1
"He enjoys reading books on the weekends, especially mystery novels.",0
The advancements in AI are transforming industries at an unprecedented pace.,1
AI's ability to process vast datasets makes it an invaluable tool in various industries.,1
"With AI technologies, companies can analyze massive amounts of data to uncover insights.",1
"He enjoys reading books on the weekends, especially mystery novels.",0
"The weather today is sunny and warm, perfect for a picnic.",0
"Through neural networks and advanced machine learning, AI models improve over time.",1
I love spending time with my family during the holidays.,0
"He enjoys reading books on the weekends, especially mystery novels.",0
"The weather today is sunny and warm, perfect for a picnic.",0
The advancements in AI are transforming industries at an unprecedented pace.,1
The quick brown fox jumps over the lazy dog.,0
He decided to take a walk along the beach in the evening.,0
"Through neural networks and advanced machine learning, AI models improve over time.",1
The dog barked loudly at the stranger passing by the house.,0
The use of deep learning has enabled AI to understand natural language more effectively.,1
GPT models have redefined the potential of AI in generating human-like content.,1
He decided to take a walk along the beach in the evening.,0
Artificial intelligence is revolutionizing automation and data analysis across sectors.,1
"Through neural networks and advanced machine learning, AI models improve over time.",1
The use of deep learning has enabled AI to understand natural language more effectively.,1
The advancements in AI are transforming industries at an unprecedented pace.,1
She went to the store and bought some fresh fruits for breakfast.,0
"The weather today is sunny and warm, perfect for a picnic.",0
"Through neural networks and advanced machine learning, AI models improve over time.",1
Artificial intelligence is revolutionizing automation and data analysis across sectors.,1
"With AI technologies, companies can analyze massive amounts of data to uncover insights.",1
"Through neural networks and advanced machine learning, AI models improve over time.",1
AI-driven systems are capable of complex decision-making based on data patterns.,1
He decided to take a walk along the beach in the evening.,0
Artificial intelligence is revolutionizing automation and data analysis across sectors.,1
"Through neural networks and advanced machine learning, AI models improve over time.",1
AI-driven systems are capable of complex decision-making based on data patterns.,1
"The weather today is sunny and warm, perfect for a picnic.",0
Artificial intelligence is revolutionizing automation and data analysis across sectors.,1
"The weather today is sunny and warm, perfect for a picnic.",0
The use of deep learning has enabled AI to understand natural language more effectively.,1
I love spending time with my family during the holidays.,0
"The weather today is sunny and warm, perfect for a picnic.",0
AI's ability to process vast datasets makes it an invaluable tool in various industries.,1
Artificial intelligence is revolutionizing automation and data analysis across sectors.,1
I love spending time with my family during the holidays.,0
AI-driven systems are capable of complex decision-making based on data patterns.,1
I love spending time with my family during the holidays.,0
GPT models have redefined the potential of AI in generating human-like content.,1
Artificial intelligence is revolutionizing automation and data analysis across sectors.,1
The advancements in AI are transforming industries at an unprecedented pace.,1
AI's ability to process vast datasets makes it an invaluable tool in various industries.,1
"With AI technologies, companies can analyze massive amounts of data to uncover insights.",1
AI's ability to process vast datasets makes it an invaluable tool in various industries.,1
AI-driven systems are capable of complex decision-making based on data patterns.,1
The quick brown fox jumps over the lazy dog.,0
The use of deep learning has enabled AI to understand natural language more effectively.,1
"The weather today is sunny and warm, perfect for a picnic.",0
Artificial intelligence is revolutionizing automation and data analysis across sectors.,1
AI's ability to process vast datasets makes it an invaluable tool in various industries.,1
The dog barked loudly at the stranger passing by the house.,0
The use of deep learning has enabled AI to understand natural language more effectively.,1
He decided to take a walk along the beach in the evening.,0
"Through neural networks and advanced machine learning, AI models improve over time.",1
The use of deep learning has enabled AI to understand natural language more effectively.,1
She was excited to start her new job at the marketing agency.,0
"The weather today is sunny and warm, perfect for a picnic.",0
The dog barked loudly at the stranger passing by the house.,0
"Through neural networks and advanced machine learning, AI models improve over time.",1
GPT models have redefined the potential of AI in generating human-like content.,1
"He enjoys reading books on the weekends, especially mystery novels.",0
Artificial intelligence is revolutionizing automation and data analysis across sectors.,1
The quick brown fox jumps over the lazy dog.,0
The advancements in AI are transforming industries at an unprecedented pace.,1
She was excited to start her new job at the marketing agency.,0
AI's ability to process vast datasets makes it an invaluable tool in various industries.,1
She was excited to start her new job at the marketing agency.,0
"With AI technologies, companies can analyze massive amounts of data to uncover insights.",1
The quick brown fox jumps over the lazy dog.,0
He decided to take a walk along the beach in the evening.,0
"With AI technologies, companies can analyze massive amounts of data to uncover insights.",1
The advancements in AI are transforming industries at an unprecedented pace.,1
The quick brown fox jumps over the lazy dog.,0
He decided to take a walk along the beach in the evening.,0
The quick brown fox jumps over the lazy dog.,0
He decided to take a walk along the beach in the evening.,0
She was excited to start her new job at the marketing agency.,0
"Through neural networks and advanced machine learning, AI models improve over time.",1
AI-driven systems are capable of complex decision-making based on data patterns.,1
Artificial intelligence is revolutionizing automation and data analysis across sectors.,1
"Through neural networks and advanced machine learning, AI models improve over time.",1
"The weather today is sunny and warm, perfect for a picnic.",0
The advancements in AI are transforming industries at an unprecedented pace.,1
The dog barked loudly at the stranger passing by the house.,0
GPT models have redefined the potential of AI in generating human-like content.,1
"Through neural networks and advanced machine learning, AI models improve over time.",1
AI's ability to process vast datasets makes it an invaluable tool in various industries.,1
"He enjoys reading books on the weekends, especially mystery novels.",0
She went to the store and bought some fresh fruits for breakfast.,0
Artificial intelligence is revolutionizing automation and data analysis across sectors.,1
"He enjoys reading books on the weekends, especially mystery novels.",0
"The weather today is sunny and warm, perfect for a picnic.",0
He decided to take a walk along the beach in the evening.,0
AI's ability to process vast datasets makes it an invaluable tool in various industries.,1
The advancements in AI are transforming industries at an unprecedented pace.,1
She went to the store and bought some fresh fruits for breakfast.,0
She went to the store and bought some fresh fruits for breakfast.,0
AI's ability to process vast datasets makes it an invaluable tool in various industries.,1
She went to the store and bought some fresh fruits for breakfast.,0
"With AI technologies, companies can analyze massive amounts of data to uncover insights.",1
He decided to take a walk along the beach in the evening.,0
"With AI technologies, companies can analyze massive amounts of data to uncover insights.",1
She went to the store and bought some fresh fruits for breakfast.,0
GPT models have redefined the potential of AI in generating human-like content.,1
AI-driven systems are capable of complex decision-making based on data patterns.,1
AI's ability to process vast datasets makes it an invaluable tool in various industries.,1
Artificial intelligence is revolutionizing automation and data analysis across sectors.,1
The quick brown fox jumps over the lazy dog.,0
Artificial intelligence is revolutionizing automation and data analysis across sectors.,1
He decided to take a walk along the beach in the evening.,0
I love spending time with my family during the holidays.,0
AI's ability to process vast datasets makes it an invaluable tool in various industries.,1
She went to the store and bought some fresh fruits for breakfast.,0
"With AI technologies, companies can analyze massive amounts of data to uncover insights.",1
"The weather today is sunny and warm, perfect for a picnic.",0
AI-driven systems are capable of complex decision-making based on data patterns.,1
Artificial intelligence is revolutionizing automation and data analysis across sectors.,1
Artificial intelligence is revolutionizing automation and data analysis across sectors.,1
"The weather today is sunny and warm, perfect for a picnic.",0
"The weather today is sunny and warm, perfect for a picnic.",0
The quick brown fox jumps over the lazy dog.,0
I love spending time with my family during the holidays.,0
"He enjoys reading books on the weekends, especially mystery novels.",0
GPT models have redefined the potential of AI in generating human-like content.,1
She went to the store and bought some fresh fruits for breakfast.,0
"He enjoys reading books on the weekends, especially mystery novels.",0
She went to the store and bought some fresh fruits for breakfast.,0
"The weather today is sunny and warm, perfect for a picnic.",0
Artificial intelligence is revolutionizing automation and data analysis across sectors.,1
"He enjoys reading books on the weekends, especially mystery novels.",0
The use of deep learning has enabled AI to understand natural language more effectively.,1
The advancements in AI are transforming industries at an unprecedented pace.,1
The advancements in AI are transforming industries at an unprecedented pace.,1
I love spending time with my family during the holidays.,0
She was excited to start her new job at the marketing agency.,0
AI's ability to process vast datasets makes it an invaluable tool in various industries.,1
"With AI technologies, companies can analyze massive amounts of data to uncover insights.",1
"Through neural networks and advanced machine learning, AI models improve over time.",1
She was excited to start her new job at the marketing agency.,0
"The weather today is sunny and warm, perfect for a picnic.",0
The advancements in AI are transforming industries at an unprecedented pace.,1
AI's ability to process vast datasets makes it an invaluable tool in various industries.,1
"He enjoys reading books on the weekends, especially mystery novels.",0
I love spending time with my family during the holidays.,0
I love spending time with my family during the holidays.,0
She was excited to start her new job at the marketing agency.,0
The dog barked loudly at the stranger passing by the house.,0
"He enjoys reading books on the weekends, especially mystery novels.",0
The advancements in AI are transforming industries at an unprecedented pace.,1
Artificial intelligence is revolutionizing automation and data analysis across sectors.,1
"With AI technologies, companies can analyze massive amounts of data to uncover insights.",1
I love spending time with my family during the holidays.,0
"He enjoys reading books on the weekends, especially mystery novels.",0
The use of deep learning has enabled AI to understand natural language more effectively.,1
The use of deep learning has enabled AI to understand natural language more effectively.,1
AI's ability to process vast datasets makes it an invaluable tool in various industries.,1
GPT models have redefined the potential of AI in generating human-like content.,1
The use of deep learning has enabled AI to understand natural language more effectively.,1
The advancements in AI are transforming industries at an unprecedented pace.,1
"He enjoys reading books on the weekends, especially mystery novels.",0
He decided to take a walk along the beach in the evening.,0
"He enjoys reading books on the weekends, especially mystery novels.",0
Artificial intelligence is revolutionizing automation and data analysis across sectors.,1
"Through neural networks and advanced machine learning, AI models improve over time.",1
She was excited to start her new job at the marketing agency.,0
"Through neural networks and advanced machine learning, AI models improve over time.",1
The quick brown fox jumps over the lazy dog.,0
The use of deep learning has enabled AI to understand natural language more effectively.,1
She was excited to start her new job at the marketing agency.,0
"He enjoys reading books on the weekends, especially mystery novels.",0
I love spending time with my family during the holidays.,0
The advancements in AI are transforming industries at an unprecedented pace.,1
The dog barked loudly at the stranger passing by the house.,0
AI's ability to process vast datasets makes it an invaluable tool in various industries.,1
The use of deep learning has enabled AI to understand natural language more effectively.,1
The use of deep learning has enabled AI to understand natural language more effectively.,1
The dog barked loudly at the stranger passing by the house.,0
She was excited to start her new job at the marketing agency.,0
The use of deep learning has enabled AI to understand natural language more effectively.,1
She went to the store and bought some fresh fruits for breakfast.,0
AI's ability to process vast datasets makes it an invaluable tool in various industries.,1
"He enjoys reading books on the weekends, especially mystery novels.",0
The advancements in AI are transforming industries at an unprecedented pace.,1
The use of deep learning has enabled AI to understand natural language more effectively.,1
The use of deep learning has enabled AI to understand natural language more effectively.,1
GPT models have redefined the potential of AI in generating human-like content.,1
GPT models have redefined the potential of AI in generating human-like content.,1
The dog barked loudly at the stranger passing by the house.,0
The quick brown fox jumps over the lazy dog.,0
GPT models have redefined the potential of AI in generating human-like content.,1
I love spending time with my family during the holidays.,0
The use of deep learning has enabled AI to understand natural language more effectively.,1
"He enjoys reading books on the weekends, especially mystery novels.",0
The advancements in AI are transforming industries at an unprecedented pace.,1
I love spending time with my family during the holidays.,0
He decided to take a walk along the beach in the evening.,0
"He enjoys reading books on the weekends, especially mystery novels.",0
The quick brown fox jumps over the lazy dog.,0
I love spending time with my family during the holidays.,0
AI-driven systems are capable of complex decision-making based on data patterns.,1
AI's ability to process vast datasets makes it an invaluable tool in various industries.,1
I love spending time with my family during the holidays.,0
I love spending time with my family during the holidays.,0
I love spending time with my family during the holidays.,0
The advancements in AI are transforming industries at an unprecedented pace.,1
The quick brown fox jumps over the lazy dog.,0
She was excited to start her new job at the marketing agency.,0
The advancements in AI are transforming industries at an unprecedented pace.,1
GPT models have redefined the potential of AI in generating human-like content.,1
The dog barked loudly at the stranger passing by the house.,0
"The weather today is sunny and warm, perfect for a picnic.",0
The dog barked loudly at the stranger passing by the house.,0
"With AI technologies, companies can analyze massive amounts of data to uncover insights.",1
"He enjoys reading books on the weekends, especially mystery novels.",0
The dog barked loudly at the stranger passing by the house.,0
The dog barked loudly at the stranger passing by the house.,0
She was excited to start her new job at the marketing agency.,0
"The weather today is sunny and warm, perfect for a picnic.",0
I love spending time with my family during the holidays.,0
Artificial intelligence is revolutionizing automation and data analysis across sectors.,1
I love spending time with my family during the holidays.,0
The dog barked loudly at the stranger passing by the house.,0
The use of deep learning has enabled AI to understand natural language more effectively.,1
The use of deep learning has enabled AI to understand natural language more effectively.,1
He decided to take a walk along the beach in the evening.,0
"He enjoys reading books on the weekends, especially mystery novels.",0
The advancements in AI are transforming industries at an unprecedented pace.,1
Artificial intelligence is revolutionizing automation and data analysis across sectors.,1
"Through neural networks and advanced machine learning, AI models improve over time.",1
I love spending time with my family during the holidays.,0
GPT models have redefined the potential of AI in generating human-like content.,1
"The weather today is sunny and warm, perfect for a picnic.",0
AI-driven systems are capable of complex decision-making based on data patterns.,1
Artificial intelligence is revolutionizing automation and data analysis across sectors.,1
AI-driven systems are capable of complex decision-making based on data patterns.,1
"He enjoys reading books on the weekends, especially mystery novels.",0
Artificial intelligence is revolutionizing automation and data analysis across sectors.,1
She went to the store and bought some fresh fruits for breakfast.,0
Artificial intelligence is revolutionizing automation and data analysis across sectors.,1
The quick brown fox jumps over the lazy dog.,0
The quick brown fox jumps over the lazy dog.,0
I love spending time with my family during the holidays.,0
The quick brown fox jumps over the lazy dog.,0
Artificial intelligence is revolutionizing automation and data analysis across sectors.,1
AI's ability to process vast datasets makes it an invaluable tool in various industries.,1
The use of deep learning has enabled AI to understand natural language more effectively.,1
The advancements in AI are transforming industries at an unprecedented pace.,1
The quick brown fox jumps over the lazy dog.,0
GPT models have redefined the potential of AI in generating human-like content.,1
The use of deep learning has enabled AI to understand natural language more effectively.,1
The use of deep learning has enabled AI to understand natural language more effectively.,1
The dog barked loudly at the stranger passing by the house.,0
The dog barked loudly at the stranger passing by the house.,0
"He enjoys reading books on the weekends, especially mystery novels.",0
Artificial intelligence is revolutionizing automation and data analysis across sectors.,1
"He enjoys reading books on the weekends, especially mystery novels.",0
AI's ability to process vast datasets makes it an invaluable tool in various industries.,1
Artificial intelligence is revolutionizing automation and data analysis across sectors.,1
She was excited to start her new job at the marketing agency.,0
The dog barked loudly at the stranger passing by the house.,0
"With AI technologies, companies can analyze massive amounts of data to uncover insights.",1
She went to the store and bought some fresh fruits for breakfast.,0
"He enjoys reading books on the weekends, especially mystery novels.",0
He decided to take a walk along the beach in the evening.,0
"With AI technologies, companies can analyze massive amounts of data to uncover insights.",1
"The weather today is sunny and warm, perfect for a picnic.",0
She went to the store and bought some fresh fruits for breakfast.,0
AI-driven systems are capable of complex decision-making based on data patterns.,1
She was excited to start her new job at the marketing agency.,0
She went to the store and bought some fresh fruits for breakfast.,0
The use of deep learning has enabled AI to understand natural language more effectively.,1
He decided to take a walk along the beach in the evening.,0
"The weather today is sunny and warm, perfect for a picnic.",0
"With AI technologies, companies can analyze massive amounts of data to uncover insights.",1
The quick brown fox jumps over the lazy dog.,0
She went to the store and bought some fresh fruits for breakfast.,0
The dog barked loudly at the stranger passing by the house.,0
AI's ability to process vast datasets makes it an invaluable tool in various industries.,1
The advancements in AI are transforming industries at an unprecedented pace.,1
I love spending time with my family during the holidays.,0
"With AI technologies, companies can analyze massive amounts of data to uncover insights.",1
The advancements in AI are transforming industries at an unprecedented pace.,1
He decided to take a walk along the beach in the evening.,0
AI's ability to process vast datasets makes it an invaluable tool in various industries.,1
The dog barked loudly at the stranger passing by the house.,0
The quick brown fox jumps over the lazy dog.,0
The advancements in AI are transforming industries at an unprecedented pace.,1
The advancements in AI are transforming industries at an unprecedented pace.,1
GPT models have redefined the potential of AI in generating human-like content.,1
AI-driven systems are capable of complex decision-making based on data patterns.,1
The use of deep learning has enabled AI to understand natural language more effectively.,1
The advancements in AI are transforming industries at an unprecedented pace.,1
GPT models have redefined the potential of AI in generating human-like content.,1
AI-driven systems are capable of complex decision-making based on data patterns.,1
AI-driven systems are capable of complex decision-making based on data patterns.,1
AI's ability to process vast datasets makes it an invaluable tool in various industries.,1
The dog barked loudly at the stranger passing by the house.,0
The dog barked loudly at the stranger passing by the house.,0
She was excited to start her new job at the marketing agency.,0
"Through neural networks and advanced machine learning, AI models improve over time.",1
He decided to take a walk along the beach in the evening.,0
"Through neural networks and advanced machine learning, AI models improve over time.",1
"With AI technologies, companies can analyze massive amounts of data to uncover insights.",1
She was excited to start her new job at the marketing agency.,0
AI-driven systems are capable of complex decision-making based on data patterns.,1
The quick brown fox jumps over the lazy dog.,0
Artificial intelligence is revolutionizing automation and data analysis across sectors.,1
He decided to take a walk along the beach in the evening.,0
He decided to take a walk along the beach in the evening.,0
"The weather today is sunny and warm, perfect for a picnic.",0
The quick brown fox jumps over the lazy dog.,0
"With AI technologies, companies can analyze massive amounts of data to uncover insights.",1
AI-driven systems are capable of complex decision-making based on data patterns.,1
The use of deep learning has enabled AI to understand natural language more effectively.,1
She went to the store and bought some fresh fruits for breakfast.,0
The quick brown fox jumps over the lazy dog.,0
The advancements in AI are transforming industries at an unprecedented pace.,1
AI-driven systems are capable of complex decision-making based on data patterns.,1
She was excited to start her new job at the marketing agency.,0
"The weather today is sunny and warm, perfect for a picnic.",0
"The weather today is sunny and warm, perfect for a picnic.",0
Artificial intelligence is revolutionizing automation and data analysis across sectors.,1
The dog barked loudly at the stranger passing by the house.,0
"With AI technologies, companies can analyze massive amounts of data to uncover insights.",1
The dog barked loudly at the stranger passing by the house.,0
The dog barked loudly at the stranger passing by the house.,0
The use of deep learning has enabled AI to understand natural language more effectively.,1
She was excited to start her new job at the marketing agency.,0
She went to the store and bought some fresh fruits for breakfast.,0
"With AI technologies, companies can analyze massive amounts of data to uncover insights.",1
The quick brown fox jumps over the lazy dog.,0
She was excited to start her new job at the marketing agency.,0
"Through neural networks and advanced machine learning, AI models improve over time.",1
"With AI technologies, companies can analyze massive amounts of data to uncover insights.",1
"With AI technologies, companies can analyze massive amounts of data to uncover insights.",1
The quick brown fox jumps over the lazy dog.,0
AI-driven systems are capable of complex decision-making based on data patterns.,1
AI's ability to process vast datasets makes it an invaluable tool in various industries.,1
Artificial intelligence is revolutionizing automation and data analysis across sectors.,1
"The weather today is sunny and warm, perfect for a picnic.",0
She was excited to start her new job at the marketing agency.,0
She went to the store and bought some fresh fruits for breakfast.,0
AI-driven systems are capable of complex decision-making based on data patterns.,1
"The weather today is sunny and warm, perfect for a picnic.",0
AI-driven systems are capable of complex decision-making based on data patterns.,1
The dog barked loudly at the stranger passing by the house.,0
The advancements in AI are transforming industries at an unprecedented pace.,1
"He enjoys reading books on the weekends, especially mystery novels.",0
AI-driven systems are capable of complex decision-making based on data patterns.,1
AI-driven systems are capable of complex decision-making based on data patterns.,1
AI-driven systems are capable of complex decision-making based on data patterns.,1
GPT models have redefined the potential of AI in generating human-like content.,1
"With AI technologies, companies can analyze massive amounts of data to uncover insights.",1
The quick brown fox jumps over the lazy dog.,0
The quick brown fox jumps over the lazy dog.,0
He decided to take a walk along the beach in the evening.,0
She went to the store and bought some fresh fruits for breakfast.,0
AI's ability to process vast datasets makes it an invaluable tool in various industries.,1
AI's ability to process vast datasets makes it an invaluable tool in various industries.,1
The use of deep learning has enabled AI to understand natural language more effectively.,1
The dog barked loudly at the stranger passing by the house.,0
AI's ability to process vast datasets makes it an invaluable tool in various industries.,1
"With AI technologies, companies can analyze massive amounts of data to uncover insights.",1
GPT models have redefined the potential of AI in generating human-like content.,1
Artificial intelligence is revolutionizing automation and data analysis across sectors.,1
The use of deep learning has enabled AI to understand natural language more effectively.,1
"Through neural networks and advanced machine learning, AI models improve over time.",1
She went to the store and bought some fresh fruits for breakfast.,0
The advancements in AI are transforming industries at an unprecedented pace.,1
"He enjoys reading books on the weekends, especially mystery novels.",0
She was excited to start her new job at the marketing agency.,0
"With AI technologies, companies can analyze massive amounts of data to uncover insights.",1
She went to the store and bought some fresh fruits for breakfast.,0
Artificial intelligence is revolutionizing automation and data analysis across sectors.,1
The advancements in AI are transforming industries at an unprecedented pace.,1
AI's ability to process vast datasets makes it an invaluable tool in various industries.,1
The quick brown fox jumps over the lazy dog.,0
Artificial intelligence is revolutionizing automation and data analysis across sectors.,1
The use of deep learning has enabled AI to understand natural language more effectively.,1
"Through neural networks and advanced machine learning, AI models improve over time.",1
"The weather today is sunny and warm, perfect for a picnic.",0
"With AI technologies, companies can analyze massive amounts of data to uncover insights.",1
"The weather today is sunny and warm, perfect for a picnic.",0
"Through neural networks and advanced machine learning, AI models improve over time.",1
"Through neural networks and advanced machine learning, AI models improve over time.",1
The use of deep learning has enabled AI to understand natural language more effectively.,1
GPT models have redefined the potential of AI in generating human-like content.,1
The use of deep learning has enabled AI to understand natural language more effectively.,1
He decided to take a walk along the beach in the evening.,0
The advancements in AI are transforming industries at an unprecedented pace.,1
The dog barked loudly at the stranger passing by the house.,0
"With AI technologies, companies can analyze massive amounts of data to uncover insights.",1
The use of deep learning has enabled AI to understand natural language more effectively.,1
Artificial intelligence is revolutionizing automation and data analysis across sectors.,1
She was excited to start her new job at the marketing agency.,0
The dog barked loudly at the stranger passing by the house.,0
"The weather today is sunny and warm, perfect for a picnic.",0
The advancements in AI are transforming industries at an unprecedented pace.,1
The use of deep learning has enabled AI to understand natural language more effectively.,1
